id,ate_code
0043dd53-57fe-460f-9c8f-18053b92481a,62200
006d2027-826e-4ad3-a7d2-3eeceacd839b,251100
00936ceb-086c-4f9f-a8bc-66909b411bd5,62909
009c4120-603c-4a1d-a79c-fc2e6b225869,692010
00ae1f62-36c8-4346-90e2-2d814199bb3b,690
00b8f665-e9f4-456f-a840-b5629a7aa3a1,661930
00d91361-38e8-4a5b-94c1-a9c8f8258c47,712010
019f2ee1-4ac2-4667-8a0e-eb7473d09b33,62200
01a0187a-212f-41a2-a9c6-92abd61a88ec,260
01e5572d-56c1-4b6b-b4d6-511da227a96a,711000
0228ddd8-5293-41b9-9309-807c7f4a1361,692010
03115f38-a21f-42c0-962e-5f8a23b60c87,332003
03759cec-623f-4e65-a019-f29c0a5fea4e,702209
0408061f-0454-4981-8e5e-91d4a8bd0569,642000
052608ed-7a65-4528-8b0e-57090a425c6d,799011
058b1456-e221-4e8e-9602-90332321f17b,62909
05f5f86b-f6f2-4674-a44b-7c968b49f7fb,91000
06a100f0-a1eb-4afc-a972-d8ce27d05aea,253000
07651f83-a422-4b82-b297-c29e34abe29d,702100
07e3e4cf-c3a4-4d24-bf6c-d871b6faabcd,711210
08051307-a9f8-4f42-97db-108c40e00b67,62100
0834e086-ef94-40c2-91c2-a563cb76d5a6,62100
086aedff-51c5-41ff-aa77-b21bd6d71f2c,702209
08b92299-cd83-41ff-9204-cb30cbe2b708,702209
09282c31-3000-45a6-aeab-72d47331c8b3,749093
09b061c3-33d5-4125-9db0-8b387e8f20b3,293209
0a112ce2-7cde-470e-ba0c-3fda4b9986b5,619010
0afbdc87-37c9-49da-83de-9c38053ad9f4,109200
0bd04c9a-3db5-4b51-8edf-abd0a63142fd,495010
0cc548ad-6fa7-4889-88b9-4b178e15d1c8,62200
0d90555d-7fc9-4c0b-a94a-ad54f37a1516,244200
0eab04be-a012-46ec-ab04-35215c121581,332003
0f5f615f-7c9e-43e5-b219-a0868b829c15,631200
109c213e-2e39-47f2-9f62-1693d4c28f4c,642000
109d6318-7b52-4d12-ac9f-b68a9979e091,702100
10a78d90-3661-4b03-b968-504db597a422,251100
10e2c1ee-ffdf-4037-9335-36e7cf79b791,222100
11391dbf-aad5-4635-8fce-44459e6258c7,309112
116c3a74-fc9c-4162-ba6c-fef976a74419,239900
1173c749-7222-4ae9-828b-5c70e89abf43,62200
119bb4e5-0163-4519-8faa-04c53be0f9d7,262000
11a57f3a-3025-4b74-9833-9af9df5408a9,91000
13814234-7283-48f2-b882-9bb3ed7b7ee5,172200
141bf5de-8bed-4710-b684-601ef865094b,265129
14201655-cafa-4933-9284-cebf812a90b0,591100
14c05b3e-64bb-4967-8b24-72d5140e9b24,222000
14d9d511-9cb2-43a8-a09d-69659ce3fee4,631200
1595b020-6be7-4482-ba61-42c453804094,251100
15b52ed5-30ea-409d-a291-f6303f260550,172200
16129793-8686-4de0-b981-51995c4cd138,62909
165629c7-574e-4f64-8e58-22fb24c1fc2f,332003
1714f1a7-0742-46d6-b751-5db95ede5bb6,204200
171780f1-8317-4c9f-88d7-ec7f864e1a42,62100
17307705-d428-4d56-a599-7ebd642b8bac,62100
17bc3cb9-da34-4d61-b9a1-8136a549abb1,107300
18339f47-8515-48b1-a5fa-55c71142ab93,702209
188a6f79-a528-459f-a33a-e48bce4ae349,749093
1894651a-131e-40b0-9d47-5e3470ffe19c,465100
18cece7c-6f44-4cd2-b8fa-98d9c688ccc0,829999
19387e7f-f59e-47ee-af8e-c140446c731d,711220
199b09d8-8083-4455-9b1e-73bfdf9e5b3b,829999
199f3649-eb43-403a-ae5f-85347f6188a3,62100
19f44d2b-0d60-4a12-9332-74e7cc275c4b,212009
1a5059c8-cc5e-4593-9e94-e67e28821858,712010
1a9fd516-6a8d-4fb5-8784-8aafcc65cb76,711000
1c1db094-a02f-49cc-b64c-b8710cbc5e90,62100
1ceca929-6ec0-4470-8125-10d3899d3319,721909
1d027453-a3f2-49d0-ac2f-202c681c3998,702209
1df81c1e-21d5-4618-afe0-939993da5955,721909
202b8b69-704f-4954-840c-f03a757d24b0,642000
20a22184-db90-46fc-b99e-948acb2f3e87,256200
20bed23b-8823-494d-8181-e5e724aec550,721000
21c0ddd6-b223-4d94-83c4-1a5faf91cd8f,222100
2294d53a-ce7b-4b8b-8ec9-df18056871c9,62200
2306167b-4202-4415-9af2-852a3f56098c,711220
2339e4c2-8e4a-429f-a40f-1702aebd2f9f,631200
2373243b-5eb8-405f-a1e5-889a927d6a07,631130
23e6cffb-eb71-4090-83be-9a6292c02607,702209
24165be2-94b1-4ca0-a7e5-abedc9990020,731100
241aff6f-042c-4ab6-9751-211cc9da6fcf,711220
24555f23-143b-4f37-92d0-90ce0c600ef8,702209
2534b282-c017-403c-abdb-cf929f1f5940,711220
25ceb2ba-df77-47a6-aeef-c18f0167bee2,62100
25e9c556-a9c8-4b2f-b66d-152b716c76d3,62200
25fa944a-93a0-497d-ab26-a3e4d5d299f7,251100
26e90ec5-7b4b-4da9-a630-98222b0af60a,749099
26f6bbcf-61a8-4aba-ba29-ae277dcb7943,91000
27035ff2-c9ab-4377-b59e-de676a633068,62100
27135869-b0e1-4998-93a9-842f2733660c,731102
2723823a-ded5-481f-bbcd-0ca8f7d542c8,62200
273b913d-d9ed-4870-8c2b-eaad5b591a5c,62200
273b9f97-0d51-463e-8e9b-c28986e9efbb,702209
273d0a21-d6f0-495a-b490-b97fe8911cbd,631130
2787bb6c-a075-4089-a781-1b0d5c011f1f,256200
28a7f1c7-63b4-41fb-baba-7620be04bbe6,829999
28d9996a-95a0-4ddf-8dab-3b10a20bfc2c,62900
2a61615e-bbde-4367-a3f2-c968f102977d,702100
2ad28c6b-2e12-46e7-9df5-3bafc8948cfa,332002
2c230eb5-8265-4220-8ad0-0ffa4d0a57c1,62100
2cbadcab-9ba5-463f-9fbf-fb79c4fb4311,749093
2d750d9f-2029-4092-a847-e37ccb848ea8,722000
2dbe62b1-3746-41e8-afbf-57fc4118ddb0,203000
2dc240fa-c7af-44ad-b1af-12a70be2eab5,221909
2dc32dbf-d198-48ae-ab52-34566436a920,293209
2df49c66-3750-4129-90ef-f71d223c8c93,62100
2e7b6922-a191-4c78-ba55-c94c106a1fd7,303009
2e8bb992-b5d0-4047-a4d8-6ca05f15c10b,62100
2ed1f499-2651-45d7-8777-a52dabdedd11,731102
2f10ea8d-4a16-4cd8-bb41-a6b31035564f,293209
2f2b0523-29b9-4075-a9fb-87e5e84e566e,711210
30595052-6da9-4f28-86d4-1cde3a13ed05,62909
319ed0d7-37e4-41ea-9747-80d19606e9f4,329990
31a164ca-04aa-4db2-89a1-84ea9d1dcea9,62100
31f54e00-4970-41e4-9cd0-09b887ac828b,702209
32496cf8-753c-46a2-8a27-bbd56096b4a7,711250
326d760c-bde3-48d7-b27e-6da7ef71d256,702209
3371ea19-8766-4b03-9a46-a41e5fdecf1d,711000
33b547e9-530e-4c09-9fd1-1659c3b7e3ab,222909
33eced46-f2cc-419c-a8b6-5e99347ea4e3,331210
345b8345-f634-4d95-98dd-f26ef2bfccc4,702209
3480784a-99df-42c5-bfb1-589d7fee4a85,62200
3508e535-2756-4164-856b-7f65bb772f92,582900
350afd13-b233-4d48-8acf-bb1b945c77bd,829999
35472286-4c48-4a31-b227-155fe0b70047,264001
37f5faa2-8e65-4f72-9712-215d8adce9de,722000
38c2b528-54fd-428c-bd06-790c10b70f18,869041
38cd0400-7abb-4475-96ed-3e54e1aebaae,262000
38e3625c-2242-459d-8282-4d6f2703e089,62100
38ef4931-1860-4f3f-bde4-2d37d9e95673,62100
38f92121-773d-45fe-869f-144d2cde1f41,62100
39610f6e-d625-4a0a-83f9-a7750fb99b8a,201500
39bdd3e3-f20d-4462-901a-90fef85fbe99,62100
39fdaa19-eda4-44b0-bc9f-1df5c3959ed8,855920
3a1b86d9-4d6d-4fee-9265-a58021d3fabf,62909
3b616426-8f28-4c36-9649-5161e4ead3fe,829999
3c1a94f8-1dd7-460f-9682-c8c1585ae122,62100
3c4df8fc-aaaf-4149-9625-dab0ea574a6d,702100
3d7fb645-d46c-4354-a997-8715dc368650,855920
3d80082e-fcde-47ac-a382-95b35c7c3aa7,702209
3d86cabf-c728-4e7e-9d83-3beeecff700f,62909
3d88d631-2c74-4be0-8f4b-847672693a57,251100
3da0144e-8d66-4aa7-85e7-cd83c776f548,702209
3dc1bbaa-56bc-4fa0-89a1-48e3b2d4fbfa,62200
3de1a0ac-6460-4e67-b4ff-3f32e043dcd1,731101
3dee328f-f3c5-4bdf-ab08-68557c00d77a,712021
3e41d175-b12f-47dc-b6eb-595c32fc379e,201500
3e59cbcc-3ecc-43d2-8cfd-f71e94e796c0,201409
3ee0ae3a-1532-4cba-a1b0-190b1068a34c,749093
3f079a1d-b434-40c9-9163-3afbef2f0543,62100
3f2c984e-c3b1-4111-b28f-63dc1b9d736f,91000
3fa12892-e8a5-4e88-91e8-8aa7f6b538d8,702209
410a55f7-21d3-4122-afe4-2f65d1e0992f,582900
41690472-1680-43b9-943b-130a37c7cc5d,711000
422facc4-ded9-4d10-a32d-65ae01d4013e,711210
427cd972-a03d-4567-82a1-2368b0825684,642000
42e7c6ba-0920-4e5a-9bd4-ca68709f579d,721909
42ebeed0-b2c7-4fa4-b10e-ad9d9e4d7c1a,291000
443e3eec-7ceb-46a7-a07c-3c416e69f0d5,412000
443f9995-e600-4ef7-82e5-716cac6ae7de,631130
446529ef-43e7-4a2d-9841-0bc2b012f930,432909
450c43ac-ead1-4bc6-9a62-fecd0cb2fe44,711220
453a764c-f8ce-4416-9b05-cdc34d0550b0,731100
457f4126-e2ba-4061-b007-6e93326a4ac7,702209
47063c6e-33eb-4054-b27b-e9998704cb84,244200
479415ac-4d38-44fe-8204-921f11a1dd37,855920
47fb12cd-7bea-4118-b24a-56c0ffd9bcf1,62100
48591ffb-aa1e-47a1-84bc-0b28c39b44d5,62100
48c7811f-1d7f-4595-91b9-9b3ae3a50e07,631200
49631c86-7101-4f45-85b0-b374f1782d2e,829999
49f57149-5d9d-4ff3-895b-b41db1e65c9a,702209
4a142dbd-e749-49f3-8bc1-94e8a41b61a0,702209
4a6d0d3d-8730-4bb3-b0e7-bc711e42810f,749099
4adc3f63-aab9-4d84-ae18-06947f41effe,855920
4b61158a-0b04-4c29-9646-dd1480144b85,62100
4beb69f6-8673-4a0f-a127-a4b8016cf709,289900
4cee027a-4650-488d-86b3-979da8d21025,282999
4e0b43bf-9703-42eb-9dcb-cfa180956a56,331309
4e0d1d52-5b2d-4d6f-b672-9186cdf81394,62200
4f4a37d0-0cb2-4e44-9626-9450180e6cb5,62200
4f6db219-052d-4ce2-b701-a9cddbf0305a,711220
4f7b9ca0-c542-4785-9a6f-a00684bf203b,829999
4fa33ba3-a976-4c59-a859-49d84ce576d4,62100
4fce581e-9b35-443a-8189-1ff84f1acac6,201600
4fd03537-08fa-4ee4-9e15-fc34136a3067,619010
5001eeb1-f2e9-4bd6-9600-0b6d92d6b0d8,612000
5004be68-797c-42ce-ab67-d97ca8cd1641,721909
50446eb9-8b28-4f8b-bcf1-00c85e501f8f,855920
507f0ad0-683b-4bef-8659-44f7763791fc,241000
51a67cde-c5cf-4f0a-8f2a-65aa32dda8eb,711220
5238f629-782c-4fde-8752-d020c7cb22f9,712010
52979755-60de-4b55-8768-bef302099058,62100
52c218ef-2514-413d-a472-01424e986b6b,62200
52c9b2e1-5c7d-40b3-97d7-dc4f57dbf71a,721909
52e488c7-420a-45d5-b785-4c031f821386,712010
52fa5f39-fe69-4cdd-8853-bcb1369e1960,242000
535f5926-16a7-4b6d-9239-801e2d4ec628,642000
53c7005e-a995-4eec-a9cc-bacc01b9d343,212009
53dd2ab6-9bcd-43b3-a1a9-c2b7c2a19edd,62100
5578deed-d7b8-41d2-91d6-b85bfac83d95,711220
563e6e94-15f1-4ed1-b6f6-4b7411a14085,62200
5734d5c5-8320-4c73-bf76-682745c7c9f1,253000
588a178b-c6df-4c96-8268-52f018a658b8,62200
599687c3-92b9-4df4-b42d-5f1bd97e458c,212009
599bd0dd-bdc3-4876-961e-7a6c4e534152,740
59c7dfa1-5041-4bcc-be56-3a4e8ee20458,749093
5a4eb62f-eca6-4c3c-ba96-47177d490285,631200
5ad4abfb-94d0-4cba-916c-cdce176c9627,631120
5c3321ee-7215-4f61-8827-8a8d1478ae8c,62100
5c70d60d-3dc4-40b9-9849-24a740466368,722000
5ccf14e8-8537-4473-bcf7-989accd89a55,251100
5ccfcd6b-1d40-4bcf-bb61-368499ce3ce5,62100
5cdcc5c1-e417-4f20-a97f-54630cdb11e8,284000
5d273d65-0324-42ab-a52a-abcc8b8921a5,62100
5e306826-fe41-4126-8209-043cc8331ac2,62100
5e50d534-018f-4b4c-b5ed-febc1be0e2cf,711200
5e6f1aed-a254-490b-9031-017922180e58,711210
5e813cb0-2d38-49e3-8e5a-73addf931c55,293209
5f0d3929-613d-4b13-bd89-be8ffc417d5a,721909
5f25b2df-6e7f-4362-8565-30f535f00b27,293209
5f85a0f2-1360-49ce-b4a6-ce370991b50b,62100
5fa2d7d4-8401-4982-991b-b26f9c6e536d,251100
601c988f-0b12-4f8b-86d8-b896ce29c132,712010
605fb041-92b5-484c-a299-de2b5383c663,62100
60b1bdf9-0991-42d8-a0a9-a202ab6dddb5,702209
60d615c5-0d9d-4acc-aa04-6c9d87c62da9,829999
60fc0a5d-be3d-4d9a-851d-a851c3444995,829210
613269d2-cee9-4d5c-96cc-6733fb569346,62200
61889e38-5fa7-405f-bff3-8450225176b2,702209
61b79c59-2f07-48e3-9b24-83953d174012,62100
622eb434-e16c-4b51-a003-56c9cfed71d8,262000
629bb90c-402b-4498-b2d9-e5eb779fde0e,702209
62d1969b-8ff3-446b-bbcf-b8a8f5edfde5,252100
62d1a8b8-ef0b-42a1-9f15-c211b0e17493,62100
63cdf376-2770-481e-8a64-3f24067c77e2,731101
653ee1e4-a970-4a25-8091-59fc2782e760,732000
65cf357b-adb2-4a92-b7fc-58d9810eeadd,731102
67dddba1-cc4f-4d11-9766-2b630924ff26,251100
67fcb73d-9231-4a37-97e2-01432a45dab2,62900
68564c03-5011-47f1-adf6-e73c2adaaf9c,829220
68b71e2e-1649-4985-905a-6a40c4c6eb22,244200
690f778a-744f-400d-8120-57c3ebb979cb,289999
69c20c0d-4976-41ea-b775-02339d2e22b1,62100
6a024205-0edf-4f72-a434-1c08913e19e9,731100
6a6055ac-67ff-4dfe-9240-4505d758b2dc,256200
6a7f023c-e4de-4c58-b1a9-8f5f22126718,331200
6a9ae233-cf4d-4163-9b56-3abb69b9c0e8,62100
6b8626fe-c2f6-41fd-9005-b74bde49476c,62100
6bb40f21-663d-4401-96a1-57a25e635189,422200
6bea367e-cc54-4be4-889a-6e66252bcb51,642000
6bee1e47-8fd3-4c44-85a5-3eaba02005de,711000
6c0da5cb-8aba-445f-ab01-96c73850f3d8,62200
6c6d59c7-06bf-470e-8328-4f1aaa9bfa8d,432101
6ce64795-3953-4943-8407-049721041139,351100
6ce7acde-7639-4ccc-822e-674ff667a3a2,107300
6d4ae13f-6db0-48ae-b04b-1a86204cecdd,743000
6e48c6c8-b6f8-48e7-a1fd-702e787bb12f,829999
6e8e6da0-5329-47dd-b905-711ff3f16956,62100
6e9421e7-3975-4338-9aee-dbb70e062a5a,711210
6f21e5a8-776c-4382-bb96-fbfb530fd5a8,619010
6fc05491-ff9b-4389-95b4-ff637e1dab50,222100
6fddde0e-3dbc-4cf7-b66e-5bf8ae703881,749093
6ff98671-ae7d-46a5-9367-65a9db1c32a5,702209
7059e7bc-b54b-49e5-8aac-6ce57fd25012,464630
70a3871b-7915-4599-8e29-6003b27c542e,749093
71133b02-0579-4fab-a1d9-d991cd81de9c,62200
7115ec2f-2920-4632-b2ab-9ecabf47a667,721909
72473c95-1301-4f18-8096-f8c30bdb2f37,62100
734239f8-3624-421a-9e12-0784391dd4f1,701000
738b93bd-66c5-444a-bd24-0b068a929a32,476410
75081292-bea6-4417-8359-a9710784b485,293201
75e64bf7-c39b-42e4-b57b-9f818e9bf20f,62100
75f7f4db-4ab1-4d5a-a376-733f307a05c5,721909
7692e92a-8f7d-4dbd-9aca-ce75eeef515d,242000
76cd97cb-28b4-4414-8ae3-6b9776969270,711210
786e80cf-0322-4c97-a2a3-a168d08f8d99,642000
793c9186-5b2f-4154-b267-f5cf90c2e607,631110
797a6969-ad3e-41a4-9924-47fb9f375f62,62100
79c8627b-ba49-4131-bff9-102237bce351,531000
79e24388-39a4-4aa7-be2a-f0eb075c0a05,256200
7a1c89ec-3a48-45aa-887b-de380479de2a,702100
7a8639c1-bf5e-4528-ac50-43f89a9fb1ff,251100
7ac6116c-82e9-43f1-8a2e-2a0b96c89a19,732000
7b877f45-4dd2-4bb1-8d58-dcdc02dad220,711220
7bf89119-e376-48a6-b08c-f7983f82ef68,799019
7c069dc8-912e-4182-a88f-abf7e6baa3e4,259999
7c0e3a7c-808f-4d3d-9f7a-9419c83cbd70,141310
7c9ff412-7e37-42c3-9c2e-942184caa18d,62909
7cbc2a8c-b9a9-4315-b7d6-691000279846,701000
7d0012cc-cf4d-4c9b-b679-d02df134e7c7,662201
7df81988-7338-4bcc-8c8b-ad6a6c034b00,721909
7e4111a9-7eb6-4dd3-8862-8caf46a5e5da,62100
7eb9793e-2cad-4f43-888e-12c4f95a1c58,331299
7eed3abe-3436-4213-a1f9-21253b213744,711210
7fd2681c-0fe9-4c59-aac9-3507d1e70b34,642000
7ff17d7d-afdc-4d40-b53b-1606a4c5c348,141310
7ffca330-38cc-4978-bf41-710542a3513c,631111
80db9fb0-8ea6-4e4a-be34-7d700bcc2b3c,62100
81075397-a931-4c9d-9dd6-80f3b6732f86,279009
81e21d98-e9a2-434c-a35a-ea2768b7ab55,749099
82a28b86-75c3-40d7-a826-470d963a2169,711210
8344311a-81aa-4e1f-afce-9dc1e3805c2a,62200
83479a5d-73ba-418a-bb84-f5dddfafd5d5,222200
83591fc8-e507-4e29-9a58-78de3cea87b9,642000
836d37ed-49de-4394-9250-d3f50925fb3e,620
8380aee1-4369-4788-aa05-fe92b0f7cb14,829999
83b70c77-5834-4ce7-948d-c278153d1768,257320
83e513b3-0113-431a-8e63-5b43d69ca0a1,712010
840b4589-76ea-44eb-bb7d-6283a4ab119f,711100
84c131e4-2981-4b39-a09e-7c110f3dbd0c,266002
84d38a15-3c71-4a90-b3a1-33456e390675,702209
85630541-420b-4ec9-a68b-e3600ea20fd9,702209
861d82bc-9d8c-49de-ba47-8d4cf5bbf4d4,259999
8639faaf-e678-4054-b333-34a0cbdf01d1,293200
86d50351-5c51-4e1e-aac3-3469c19b4b52,332003
86e2b70e-28c8-4a34-97c7-c0bb6b469df8,829999
87f3bf49-308a-43de-bf22-6cd6bbd88626,702209
87fef6e6-540d-48af-a9b9-17bc6cc477a1,62909
88af4890-b7b4-44e2-a700-7a000a428a8f,90302
88c82b11-d826-4d75-b432-7c4b07765964,331909
8a3e8c7c-e249-4beb-9496-ea2178cc4c1b,255000
8a4a61ac-094d-4efc-87dd-f84cf9fe99fe,731102
8a7f5523-f6df-4975-854d-639dc109d033,62100
8b49ddc9-0c11-4a57-9244-542106055b5c,642000
8bb85609-f9b5-415b-82cf-8963b9f560de,642000
8c482062-3931-48ac-a064-73e829e58b16,461708
8c71c099-b82d-46c0-9a59-a77023a32703,741010
8c9e359e-9209-4624-be30-81c0b758512e,62100
8d078edd-7fe7-465c-a619-f73b8e601857,62909
8d846a02-10b2-41ad-be09-9e468029beda,221909
8e4b19a8-8230-405e-81ab-9a0d7586cc6b,721909
8f553806-9551-4e0d-afca-c8f9088faa47,749093
8fa44ca9-dff8-41d4-8625-d57fd8c46aee,721909
8fd61228-f314-4d56-ad93-639513be4c09,221909
8fd7f9a3-2518-4bca-9956-8bd4e5d927ff,62900
902f22cc-a514-4ad5-a1bd-b29c9118f0b7,222909
9064557b-c736-4525-a3b3-05fa42a26f6c,222309
92e984f6-aff2-441d-9627-17be251a8c1e,721100
938bcbe5-8582-4b06-910b-b77a6c30cc62,257320
946ed58a-eed5-4f4a-8c4a-fdda338fc514,702209
9478bd98-dac8-43ca-88c2-3d6d1ce539f7,62909
94e36710-e8af-4bfc-9819-2cd79fcffbc4,631119
95ce4d7f-ab5c-4959-b077-128bd203b7f6,711000
95e4985c-a113-4195-ad3e-190719377f89,251100
96909102-a86a-4892-a974-8a9d4209dc61,649960
96c7486d-64ef-4e40-9f5d-b62e58e20d76,259100
97d212a9-c20f-4dc3-9a77-9340bb0e26da,432101
995d273a-1d47-4750-8473-ad05057f0d94,829999
99635c60-d9e5-4ce3-add8-93f135118a50,62200
9a5c24de-e61d-42bd-a181-f009ce16cf4a,619099
9b27bfc3-2ead-4cb4-9115-f6ae701767ab,829999
9b75b0dc-b1d8-41ad-a073-233ead67c37e,62100
9ce72765-981b-457d-8c86-bf1820b96565,620
9d0c0a4c-148c-4155-9000-3ede17fc9386,721909
9df2b37c-439f-4d22-8fa8-253a493a4b5c,731100
9e113d58-5c60-4c69-a97c-076cd1a81a91,62200
9e5ffcc8-d5bc-48d0-960c-df795eb3a339,62909
9f1221e0-bf2f-426d-bceb-166dd3b9dfe0,62200
9f6cc52d-3526-4dd7-8e12-cb8e418edaca,581900
9f9cd7ad-9a71-43a1-9396-fffc130b4559,293100
a0a51dce-6495-4440-bbd9-3edd714e5dc2,259999
a10486e4-1028-4022-a386-ff2ebac567cc,62100
a1910e7e-9955-46f0-bf2d-536c96b725a1,702209
a1ab4a5c-28eb-46a4-8685-4d411404847b,91000
a276d49f-103b-4514-9c04-5cd5698e3810,721909
a281eb97-c709-451b-bcb5-1a1bb42c64d3,702209
a2b92f0f-b8ef-4adb-8a1b-b96e7c4d114f,62100
a3550dcc-eb09-4b16-98d0-e23b88b78562,749000
a3db1938-7a34-45ff-98de-67c38c7d563a,222909
a41416ef-0812-449a-87e9-9c7144acc367,256100
a421ad87-76a5-4186-abbe-5adf8703c978,741030
a45b0c96-4c4c-4903-90f3-cdee5aafa8e4,222000
a582842d-17f7-4a41-9c84-976f8b587ad6,257320
a5c5b0a5-8d00-43c1-8eea-a14b33e4585c,702209
a5f67192-b0a1-45b8-a768-3511acfbbdb4,332003
a5fff434-0236-4742-b682-0c32565caa59,741021
a6b0bd7d-95ce-4a00-bebc-a334f032c731,293201
a6d15ab0-cde1-4712-816b-33d8eca2c1fd,702209
a7196f43-2442-4b87-8aee-d02aab7463ac,205920
a7a6c4d6-bd68-463a-b9b2-ea2c35c6a65b,855920
a7a9bb22-c405-4277-aac0-95d646d812cd,749093
a8317790-aa5b-4584-a35d-b54ac6f6f6c0,62100
a84512d9-16ab-46b8-bc20-46e50aacefd6,265129
a84f9abc-20a5-478c-b077-b127917ae482,721909
a855e663-ea44-4228-af4c-c7ed8c57019c,62100
a8ee6cd0-a8d3-4845-9398-1aa062947375,251100
a997a02f-f086-46ae-929e-fac40648c823,62100
aa7c7b15-148e-4df8-8267-b34ba5c7b132,702209
aa7dd8d3-7522-49e9-832d-8b7b97afb88e,263029
aab64ffb-7aeb-4f53-a288-9768d6cf615c,619091
ac7a0b91-9a9a-4a7d-a9a8-49a2996de3df,62100
ac7d949b-c6d8-4df3-a8aa-4d5ffb6c7cd7,289500
acb429c9-67ea-4797-b596-16fc859c2b3c,62100
ad70ce42-eff3-4a63-bb58-8ff8e3c905d9,262000
ae1cab12-bcc6-4a65-b031-981d85a44081,91000
ae47b54c-7f34-4b95-a852-7a1ef6f97654,62200
ae8a886c-118d-48fc-80c2-72a38b0b24ec,692013
af0a1f5d-5a3c-4d29-b37b-221824d8a0d2,62100
af2641dc-3641-4c6a-9f3f-f58bc96d58be,62100
b05a4373-8d67-4f06-89ab-c4d2977269cd,62100
b0a906f9-e450-41bb-8f37-427c7a8bae4a,464630
b1f5da72-634e-4b91-a5a3-4e4af30675b4,255000
b22cb047-e6c9-4b0d-897c-cff2d45bb3c3,479110
b263df55-ef1f-4bea-aec4-a6b01d492081,91000
b29eb38b-5053-467a-b52d-0e04b9ee3916,222100
b2aa35ed-bd99-4f04-a29a-9883b775c0c0,292000
b2b2c9e5-594f-4326-b99f-f23f42fe6f31,332000
b4340b6a-5292-4be6-8c91-c313390abee5,256200
b4eeb89c-e2e8-47c2-8747-54bd354a85f7,62909
b5f07845-131b-4260-a4d1-d78db7478c60,259200
b659bc44-80aa-4b35-bf9c-37b8868cb985,91000
b6efd746-d6bd-4c09-a0fb-dcad8c5bc8b8,702209
b717b120-5f10-42a2-bd89-d09f1e7a46c5,732000
b7faeca9-58ee-4765-af1c-1fe7a8ff5ecb,91000
b8c98258-6a4a-41af-bd55-ebb85d961a29,721909
b97b56ef-202e-4e0d-95a8-f40d3cbc4eca,62200
b9a32c15-b7f5-4ad3-8e64-e8d1ca776fda,702209
b9cc87b5-bcd6-40f0-aff4-cae0da02d003,732000
b9f720e0-1b47-4463-91f9-dc22cc3c2d24,62200
ba020158-3550-4dfa-b84f-6c9449c530e0,741029
baff2aab-eafa-49c5-8cd7-8bc62f56a570,331200
bb0a880f-ee87-4d5c-83c0-22dabd3b5b7b,62200
bb42d327-0a01-4fef-814c-0341c2e6eb3e,631200
bb5e4ba8-8618-4817-abcc-cdccbd2e19fb,255000
bb79da7e-21f3-4682-a73b-33497c4fa0be,352300
bbbcf98d-c7ae-467a-8186-8aba6daf40c9,332003
bc0d82b5-7d68-4d1f-966e-3bfffbdae896,262000
bc3aa546-e070-4f29-872b-b049ae803383,62100
bcf9b658-022c-4d9e-8eb2-f7188aac9060,649960
bdf79da5-6f40-4e22-a38b-3b22de7ac0d8,466920
beda368b-84af-4d37-a4e0-a478ecab4583,829999
bf02fb9c-e1bd-4911-98b2-e671c76ff3e8,251210
bf833486-5d7a-44f0-91c3-e5c37f51ce6a,270
c00722d5-d855-47bf-b8dc-54fda6c753ee,262000
c1139d36-019e-463a-b95d-25654ac26393,261200
c18bd3c5-a12c-4d1f-a2d1-081f6898b6a5,62100
c1d987f7-8dd1-4843-9001-e3f1e98ab74c,62100
c27ed7ee-b622-43ba-84c8-8a06702e679b,690
c29e3edc-3bc6-47f2-8e51-f5b15aa4fe5d,62100
c2d76225-443e-4f0e-9083-8de280e7aefb,711220
c309c957-b381-4854-a93b-86014d8dbc02,62100
c3187893-6b94-40a5-b7b9-b0c6ac16812b,221909
c3d317e2-0231-4edf-a07a-258a15007efb,642000
c4b45c1c-e411-4fa0-95d4-a415d7c8948a,62100
c5293293-77fe-471c-bb37-2919d6fb6f68,731101
c566a70c-80a1-4b89-9b85-c32bbfe601a0,261109
c5d28d16-fc94-4a27-b9f0-a9df23b60f4f,631200
c6b3fef0-c7b3-4112-8813-df44982813fb,352300
c6efa0c3-bec9-4a58-b7e6-6c5594ab6e03,62100
c6f81a2a-f6f3-4d42-9eb9-5ca948b80de7,62200
c7184b94-7a56-40e9-863f-6893cb70a39c,331299
c819e32a-0609-454f-9b60-78f60b1e4c6d,201600
c84db717-8232-4de9-a6a7-b13dd25707b3,243302
c877479a-1139-421d-a0b0-1005222bc93a,292000
c98e2bb2-8e6f-43ca-9fdb-6a17b3991a0e,332009
c9fd8310-0712-4e1e-ba2d-e66822886991,712010
ca5a9f64-9c90-4004-88f7-1087957242e2,731101
cb2cbe00-1418-4b89-8320-1194da33b61e,829999
cc4fc2ec-204c-4ad1-9dfe-6a5678b23382,271100
cc594917-c05f-4356-8db7-f855cf1f522f,712010
cdf3b9b5-c253-424d-aa78-a247d8552a3d,702209
ce2a1a6d-e497-4a20-92e8-397d89066ab3,749093
cfff6416-670c-4fb2-bcb0-81738b0eee56,256200
d0b20677-cbd8-4afc-a35d-45c2c7e6f658,62100
d228b39c-fd3f-4183-9837-0e1f55ab1fd6,259930
d2464ba6-b6fe-4ad3-a4cd-50fc6551fd94,256200
d254ac5e-8f3c-48e6-80ec-c917ba9fcc57,257310
d2b1d7a7-279a-4161-8ade-e4c2a857e419,711220
d2f386a9-87b5-405e-a8d9-2c63a8d995d3,62100
d3695409-964d-4f34-a6f0-13a7ba8303f6,205920
d39d496a-b1f5-4129-bd25-992413bc8c39,265129
d4116231-a768-4c1f-a650-a9e286e88cd2,256100
d481ff3d-dd21-4e17-8cf8-c7a4abcc8fb5,711000
d496a25a-adce-4cc3-b35e-fc671bb870ec,332003
d49ec3e6-4cb3-4dce-ad89-23c964de0b29,62100
d4a019f8-7c8c-4810-920b-a12700396ffd,201500
d4d9108b-56aa-4566-9258-0a4cfc4133f7,522150
d552c085-728c-47b1-8c51-b621484edfd7,62100
d5a0be97-8845-4e47-bab0-a0753f08cb50,251000
d5e874e4-728c-42e4-a0e1-518cfb44727a,256200
d6f0c2e8-bf1b-41bc-8550-cc5ce171c952,631200
d7a71193-e452-48e1-98d1-73eded1b81bc,62200
d8464cdc-510c-4c23-a9ab-44c9c8624cda,62200
d876b4ca-6259-4d51-ab01-36d1fb0e3b75,203000
d8b7345f-ea50-4bce-b407-b6c767b640bf,731000
d8f87241-ee20-4a1b-aff9-da6fa2398e01,201600
d9583e89-4c5f-42f4-8e49-5a26c633aa90,711220
d9ac9379-af1a-4f42-837c-7f1c00965969,205920
db0d91bb-337e-45b9-a8c9-31c7a4783269,251000
db18a50e-d009-4e8e-b1cb-79fec06abd85,91000
dc0ddc1b-623b-4366-9504-4864bb3148d8,62200
dce136e5-a2ec-4a8f-8e53-d0109e2b628b,62909
dd05fc5a-74fa-4cf4-8310-39b7ebee183a,62100
dd33f643-7d62-41b6-9461-5393cc4a2d26,749093
dd8d8439-d002-4c98-8cc1-fa6d550ae9f0,255000
de43cae4-0f9c-4d70-a837-d49522d60fc5,212009
dec59b44-089c-4fa3-aa2e-0946ef218f43,712010
deefbe49-eabd-40bc-a0f7-e6bb52b73025,62200
df037f6c-c8c7-4481-96b9-36c47ba8fef0,262000
df1ca920-818e-464c-a0ad-66d96b1e3c8b,62200
df1dd039-4ab0-4dd2-9fb5-42bab15d0aa6,619091
df78f274-ccf5-428e-ac3f-f47cbb8cd4d3,62100
df9517b5-0c14-43c0-8b98-82d5b483a6cd,649900
dfcd4c74-d9d3-43f4-898d-02f1b1da0af1,222909
dfe95a95-7157-4de2-91e4-82c01e768b1c,256200
e03177e9-9deb-46c5-bee0-cb6643cb6178,649960
e03706e6-6338-47d6-b3eb-c955e5693baa,721909
e100ca7f-3974-46a8-8610-04a970ac38a6,107300
e2126061-0eaf-44f1-a156-20900974cd2f,829900
e27978e7-ddbd-4495-9911-5c968674ea2c,222200
e30efe1f-8af1-4d43-931d-ec46369de263,62200
e33159bb-1cfe-4af8-9814-24ffab23a88b,62100
e3461308-200c-4392-8a32-cc44bd1ee72e,62100
e3fc2680-7f63-4644-a2e3-268ab1c85bab,732000
e4dfacf0-21f7-425f-a913-eebd17624330,711000
e4f3ab36-481c-484b-8a28-1bc57958e44d,522922
e5613eb2-70ab-48c2-8fec-a93c58cbdbb8,62100
e5a630fd-0aea-44c3-b35c-757f4ad003ab,283090
e5e956cd-2f2e-449e-ae52-7408e148e55b,203000
e6a113ed-b91f-472f-a130-79cb3ce75dbf,711220
e6af558e-b45d-4bd8-a40e-d6fefee683b6,721909
e7d103c7-cf20-4b5f-a362-431d8d89bbc0,494100
e7de8667-533a-4012-8497-1367a261768f,702209
e87efa4b-7493-42a6-9d05-367ef4569847,62909
e8bd306b-b87d-44f3-a9b3-3f35e9aeb1cc,332009
e8ce6f4b-6dba-4ea8-b00c-6c1ec54730ef,263029
e8d85490-3d6f-4d08-b80c-e5089fd4fe70,749099
e954d1c3-bcc8-43a2-98c6-eca91b2991e4,731102
ea2ebbde-1997-4a01-8f36-9f715c356f21,631110
ea58da84-b822-417c-a84f-8736562e472c,711250
eaf261f7-8351-49f4-aabe-16c1770a2277,62100
eb17919c-b27a-4c6c-a57d-91bcf1a69c88,265129
eb6ec9b2-a29c-4849-94dd-28b3ca95ebf5,642000
eb8ec64f-e763-477f-b517-59e63af75a58,855920
ebe84a6f-35d0-45ad-9d9d-8dfcbba8ca7c,351400
ec0d4a3c-8d24-46f7-a2c7-e343abf9ea72,631200
ec9aa9fa-e2c8-46c1-8480-248e7a5bd2b0,731200
ed518b20-b570-4248-9b7f-6732f05dcd31,62100
edc64374-360f-4288-96b3-78853fe76b34,642000
ee3409a5-d05b-4c37-88de-cf96f4183c5c,702209
ee4f643d-40f0-4fc1-9e24-147d3ca6f9a3,289999
ee7754d8-0756-4440-bbdf-8e83a5846794,172200
ef1ade1e-d52f-443b-86d6-e8bca35504ee,259000
ef3167a0-6baf-47b3-be3a-2c289db90a34,259999
ef592b87-f35c-4fb9-a760-8fed19562466,331253
efa18b26-2aa4-4b2c-801a-724468bdf97f,432101
f00012ea-01ca-47c0-9d50-f524f746c52c,265129
f003ea4f-2c64-4e23-b42c-8cb8a7c269b4,62100
f0abe418-5eed-416d-b455-433b14b0ef13,711220
f10706bf-434f-4039-82be-a0e9fa868dc7,62200
f18db15a-ea4e-480b-83d8-4f22bd3f1783,293209
f1a0ea32-3ec0-472c-8efd-1d03ca66175f,222100
f1e0948e-6e2d-4670-b99f-fb5e94b2a86d,749093
f29b4592-47e2-48f6-957e-1bf58f87f3a0,251100
f2fab74c-d3cd-4bd4-9dd9-850d03b3571f,62200
f370fe6b-ca3e-4b06-bd01-a3da79c94507,721909
f393f996-30a4-4794-a42d-f8d7e4340493,293209
f449e7cc-530e-42fb-9d2c-a1bc44bea734,631200
f496690b-39d3-4eeb-ba85-8796967e06fc,702209
f5a1f503-8b36-4213-b25f-39e46ab142f6,212009
f7b6980b-60bf-4406-a61f-299eba59261f,91000
f8b17f06-24e9-467a-a706-be954b2f5b2e,141200
f9222d48-5eb6-4ca4-8223-de41ed4ac5d5,62100
f945eb07-a89d-4cca-b968-a1634ef5cde4,62100
f9792d61-1a0c-4fee-abe5-138d80ba7f96,62100
f9ca8a83-9864-4999-880f-27f3ffa39d9f,721909
f9d3d330-2a23-4c16-bdab-bbb9890f24e1,261109
fa0835dd-45fa-4e63-9b81-902da6503883,62100
fa866441-d0d0-475b-9229-4f830f49d90f,711250
fa9915f8-63a8-48b2-86c6-adb82ced2b6d,749093
fb72ec5d-e884-4985-9f2e-acf323da7e28,62100
fb968e87-4f8d-4933-9b79-2770047864a3,256200
fc9c0adb-9457-4bfb-aed5-fca195bee8f6,582000
fcd21c61-0e29-48bc-8516-c6aae146d598,741030
fd5a9245-210b-4470-a717-b912d40dc98a,702209
fdeade3a-ad98-4075-8ac6-4de0dc6cb54a,741010
fed4db44-ae7f-4a91-9e60-94a1122f72ce,610
fef533d0-4248-4f49-8e9c-8fc7b7eea5fb,731200
ff97b9a5-c61b-47dc-ac64-766441ae697e,749093
fffdac9c-dfff-4642-877b-fd441cd8ac4b,62100
